{
    "\uae08\uc561": {
        "precision": 1.0,
        "recall": 0.7272727272727273,
        "f1-score": 0.8421052631578948,
        "support": 11.0
    },
    "\ub0a0\uc9dc": {
        "precision": 0.9655172413793104,
        "recall": 0.9531914893617022,
        "f1-score": 0.9593147751605996,
        "support": 235.0
    },
    "\ubc88\ud638": {
        "precision": 0.8595317725752508,
        "recall": 0.9017543859649123,
        "f1-score": 0.8801369863013698,
        "support": 285.0
    },
    "\uc218\ub7c9": {
        "precision": 0.7798165137614679,
        "recall": 0.7264957264957265,
        "f1-score": 0.7522123893805308,
        "support": 117.0
    },
    "\uc5ec\ubd80": {
        "precision": 0.9620253164556962,
        "recall": 0.9620253164556962,
        "f1-score": 0.9620253164556962,
        "support": 79.0
    },
    "\uc728": {
        "precision": 0.5,
        "recall": 0.2,
        "f1-score": 0.28571428571428575,
        "support": 5.0
    },
    "\ucf54\ub4dc": {
        "precision": 0.8405797101449275,
        "recall": 0.8592592592592593,
        "f1-score": 0.8498168498168497,
        "support": 135.0
    },
    "accuracy": 0.8846597462514417,
    "macro avg": {
        "precision": 0.843924364902379,
        "recall": 0.7614284149728606,
        "f1-score": 0.7901894094267465,
        "support": 867.0
    },
    "weighted avg": {
        "precision": 0.883598500447222,
        "recall": 0.8846597462514417,
        "f1-score": 0.8831647830043097,
        "support": 867.0
    }
}