{
    "\uae08\uc561": {
        "precision": 0.8,
        "recall": 0.7272727272727273,
        "f1-score": 0.761904761904762,
        "support": 11.0
    },
    "\ub0a0\uc9dc": {
        "precision": 0.9698275862068966,
        "recall": 0.9574468085106383,
        "f1-score": 0.9635974304068524,
        "support": 235.0
    },
    "\ubc88\ud638": {
        "precision": 0.8613861386138614,
        "recall": 0.9157894736842105,
        "f1-score": 0.8877551020408163,
        "support": 285.0
    },
    "\uc218\ub7c9": {
        "precision": 0.7570093457943925,
        "recall": 0.6923076923076923,
        "f1-score": 0.7232142857142857,
        "support": 117.0
    },
    "\uc5ec\ubd80": {
        "precision": 0.9487179487179487,
        "recall": 0.9367088607594937,
        "f1-score": 0.9426751592356688,
        "support": 79.0
    },
    "\uc728": {
        "precision": 0.5,
        "recall": 0.2,
        "f1-score": 0.28571428571428575,
        "support": 5.0
    },
    "\ucf54\ub4dc": {
        "precision": 0.8222222222222222,
        "recall": 0.8222222222222222,
        "f1-score": 0.8222222222222222,
        "support": 135.0
    },
    "accuracy": 0.8777393310265282,
    "macro avg": {
        "precision": 0.8084518916507601,
        "recall": 0.750249683536712,
        "f1-score": 0.7695833210341274,
        "support": 867.0
    },
    "weighted avg": {
        "precision": 0.8756901311075352,
        "recall": 0.8777393310265282,
        "f1-score": 0.8758391384601569,
        "support": 867.0
    }
}