{
    "\uae08\uc561": {
        "precision": 1.0,
        "recall": 0.7272727272727273,
        "f1-score": 0.8421052631578948,
        "support": 11.0
    },
    "\ub0a0\uc9dc": {
        "precision": 0.9615384615384616,
        "recall": 0.9574468085106383,
        "f1-score": 0.9594882729211087,
        "support": 235.0
    },
    "\ubc88\ud638": {
        "precision": 0.864406779661017,
        "recall": 0.8947368421052632,
        "f1-score": 0.8793103448275862,
        "support": 285.0
    },
    "\uc218\ub7c9": {
        "precision": 0.7368421052631579,
        "recall": 0.717948717948718,
        "f1-score": 0.7272727272727273,
        "support": 117.0
    },
    "\uc5ec\ubd80": {
        "precision": 0.9506172839506173,
        "recall": 0.9746835443037974,
        "f1-score": 0.9625,
        "support": 79.0
    },
    "\uc728": {
        "precision": 0.5,
        "recall": 0.2,
        "f1-score": 0.28571428571428575,
        "support": 5.0
    },
    "\ucf54\ub4dc": {
        "precision": 0.8646616541353384,
        "recall": 0.8518518518518519,
        "f1-score": 0.8582089552238805,
        "support": 135.0
    },
    "accuracy": 0.8823529411764706,
    "macro avg": {
        "precision": 0.8397237549355132,
        "recall": 0.760562927427571,
        "f1-score": 0.7877999784453548,
        "support": 867.0
    },
    "weighted avg": {
        "precision": 0.8810335475445066,
        "recall": 0.8823529411764706,
        "f1-score": 0.8809244980181821,
        "support": 867.0
    }
}