{
    "\uae08\uc561": {
        "precision": 1.0,
        "recall": 0.6363636363636364,
        "f1-score": 0.7777777777777778,
        "support": 11.0
    },
    "\ub0a0\uc9dc": {
        "precision": 0.9537815126050421,
        "recall": 0.9659574468085106,
        "f1-score": 0.9598308668076109,
        "support": 235.0
    },
    "\ubc88\ud638": {
        "precision": 0.8719723183391004,
        "recall": 0.8842105263157894,
        "f1-score": 0.8780487804878048,
        "support": 285.0
    },
    "\uc218\ub7c9": {
        "precision": 0.7407407407407407,
        "recall": 0.6837606837606838,
        "f1-score": 0.7111111111111111,
        "support": 117.0
    },
    "\uc5ec\ubd80": {
        "precision": 0.9615384615384616,
        "recall": 0.9493670886075949,
        "f1-score": 0.9554140127388535,
        "support": 79.0
    },
    "\uc728": {
        "precision": 0.25,
        "recall": 0.2,
        "f1-score": 0.22222222222222224,
        "support": 5.0
    },
    "\ucf54\ub4dc": {
        "precision": 0.8321678321678322,
        "recall": 0.8814814814814815,
        "f1-score": 0.8561151079136691,
        "support": 135.0
    },
    "accuracy": 0.8777393310265282,
    "macro avg": {
        "precision": 0.8014572664844539,
        "recall": 0.7430201233339566,
        "f1-score": 0.7657885541512928,
        "support": 867.0
    },
    "weighted avg": {
        "precision": 0.8764378646593898,
        "recall": 0.8777393310265282,
        "f1-score": 0.8762676694119889,
        "support": 867.0
    }
}