{
    "\uae08\uc561": {
        "precision": 1.0,
        "recall": 0.7272727272727273,
        "f1-score": 0.8421052631578948,
        "support": 11.0
    },
    "\ub0a0\uc9dc": {
        "precision": 0.8007380073800738,
        "recall": 0.9234042553191489,
        "f1-score": 0.8577075098814229,
        "support": 235.0
    },
    "\ubc88\ud638": {
        "precision": 0.7894736842105263,
        "recall": 0.7368421052631579,
        "f1-score": 0.7622504537205083,
        "support": 285.0
    },
    "\uc218\ub7c9": {
        "precision": 0.5943396226415094,
        "recall": 0.5384615384615384,
        "f1-score": 0.5650224215246635,
        "support": 117.0
    },
    "\uc5ec\ubd80": {
        "precision": 0.9382716049382716,
        "recall": 0.9620253164556962,
        "f1-score": 0.95,
        "support": 79.0
    },
    "\uc728": {
        "precision": 0.5,
        "recall": 0.6,
        "f1-score": 0.5454545454545454,
        "support": 5.0
    },
    "\ucf54\ub4dc": {
        "precision": 0.7984496124031008,
        "recall": 0.762962962962963,
        "f1-score": 0.7803030303030303,
        "support": 135.0
    },
    "accuracy": 0.7843137254901961,
    "macro avg": {
        "precision": 0.7744675045104973,
        "recall": 0.750138415105033,
        "f1-score": 0.7575490320060093,
        "support": 867.0
    },
    "weighted avg": {
        "precision": 0.782151467183294,
        "recall": 0.7843137254901961,
        "f1-score": 0.7811898583203962,
        "support": 867.0
    }
}