{
    "\uae08\uc561": {
        "precision": 1.0,
        "recall": 0.6363636363636364,
        "f1-score": 0.7777777777777778,
        "support": 11.0
    },
    "\ub0a0\uc9dc": {
        "precision": 0.8450184501845018,
        "recall": 0.9744680851063829,
        "f1-score": 0.9051383399209486,
        "support": 235.0
    },
    "\ubc88\ud638": {
        "precision": 0.8785425101214575,
        "recall": 0.7614035087719299,
        "f1-score": 0.8157894736842105,
        "support": 285.0
    },
    "\uc218\ub7c9": {
        "precision": 0.7265625,
        "recall": 0.7948717948717948,
        "f1-score": 0.7591836734693878,
        "support": 117.0
    },
    "\uc5ec\ubd80": {
        "precision": 0.9166666666666666,
        "recall": 0.9746835443037974,
        "f1-score": 0.9447852760736196,
        "support": 79.0
    },
    "\uc728": {
        "precision": 0.25,
        "recall": 0.2,
        "f1-score": 0.22222222222222224,
        "support": 5.0
    },
    "\ucf54\ub4dc": {
        "precision": 0.8015873015873016,
        "recall": 0.7481481481481481,
        "f1-score": 0.7739463601532566,
        "support": 135.0
    },
    "accuracy": 0.8362168396770473,
    "macro avg": {
        "precision": 0.7740539183657039,
        "recall": 0.7271341025093844,
        "f1-score": 0.7426918747573461,
        "support": 867.0
    },
    "weighted avg": {
        "precision": 0.8383537670806523,
        "recall": 0.8362168396770473,
        "f1-score": 0.833701801354687,
        "support": 867.0
    }
}