{
    "\uae08\uc561": {
        "precision": 1.0,
        "recall": 0.6363636363636364,
        "f1-score": 0.7777777777777778,
        "support": 11.0
    },
    "\ub0a0\uc9dc": {
        "precision": 0.9166666666666666,
        "recall": 0.9361702127659575,
        "f1-score": 0.9263157894736843,
        "support": 235.0
    },
    "\ubc88\ud638": {
        "precision": 0.8697183098591549,
        "recall": 0.8666666666666667,
        "f1-score": 0.8681898066783831,
        "support": 285.0
    },
    "\uc218\ub7c9": {
        "precision": 0.7789473684210526,
        "recall": 0.6324786324786325,
        "f1-score": 0.6981132075471698,
        "support": 117.0
    },
    "\uc5ec\ubd80": {
        "precision": 0.9367088607594937,
        "recall": 0.9367088607594937,
        "f1-score": 0.9367088607594937,
        "support": 79.0
    },
    "\uc728": {
        "precision": 0.6,
        "recall": 0.6,
        "f1-score": 0.6,
        "support": 5.0
    },
    "\ucf54\ub4dc": {
        "precision": 0.7579617834394905,
        "recall": 0.8814814814814815,
        "f1-score": 0.815068493150685,
        "support": 135.0
    },
    "accuracy": 0.8581314878892734,
    "macro avg": {
        "precision": 0.837143284163694,
        "recall": 0.7842670700736953,
        "f1-score": 0.8031677050553132,
        "support": 867.0
    },
    "weighted avg": {
        "precision": 0.8589943112411997,
        "recall": 0.8581314878892734,
        "f1-score": 0.8562714565669801,
        "support": 867.0
    }
}