{
    "\uae08\uc561": {
        "precision": 0.8181818181818182,
        "recall": 0.8181818181818182,
        "f1-score": 0.8181818181818182,
        "support": 11.0
    },
    "\ub0a0\uc9dc": {
        "precision": 0.9742489270386266,
        "recall": 0.9659574468085106,
        "f1-score": 0.9700854700854702,
        "support": 235.0
    },
    "\ubc88\ud638": {
        "precision": 0.8869257950530035,
        "recall": 0.8807017543859649,
        "f1-score": 0.8838028169014084,
        "support": 285.0
    },
    "\uc218\ub7c9": {
        "precision": 0.7394957983193278,
        "recall": 0.7521367521367521,
        "f1-score": 0.7457627118644068,
        "support": 117.0
    },
    "\uc5ec\ubd80": {
        "precision": 0.9615384615384616,
        "recall": 0.9493670886075949,
        "f1-score": 0.9554140127388535,
        "support": 79.0
    },
    "\uc728": {
        "precision": 0.5,
        "recall": 0.2,
        "f1-score": 0.28571428571428575,
        "support": 5.0
    },
    "\ucf54\ub4dc": {
        "precision": 0.8652482269503546,
        "recall": 0.9037037037037037,
        "f1-score": 0.8840579710144929,
        "support": 135.0
    },
    "accuracy": 0.8915801614763552,
    "macro avg": {
        "precision": 0.8208055752973704,
        "recall": 0.7814355091177635,
        "f1-score": 0.7918598695001052,
        "support": 867.0
    },
    "weighted avg": {
        "precision": 0.8910189238147415,
        "recall": 0.8915801614763552,
        "f1-score": 0.890844556051926,
        "support": 867.0
    }
}