{
    "\uae08\uc561": {
        "precision": 1.0,
        "recall": 0.8181818181818182,
        "f1-score": 0.9,
        "support": 11.0
    },
    "\ub0a0\uc9dc": {
        "precision": 0.9615384615384616,
        "recall": 0.9574468085106383,
        "f1-score": 0.9594882729211087,
        "support": 235.0
    },
    "\ubc88\ud638": {
        "precision": 0.8745644599303136,
        "recall": 0.8807017543859649,
        "f1-score": 0.8776223776223776,
        "support": 285.0
    },
    "\uc218\ub7c9": {
        "precision": 0.7685185185185185,
        "recall": 0.7094017094017094,
        "f1-score": 0.7377777777777778,
        "support": 117.0
    },
    "\uc5ec\ubd80": {
        "precision": 0.926829268292683,
        "recall": 0.9620253164556962,
        "f1-score": 0.9440993788819876,
        "support": 79.0
    },
    "\uc728": {
        "precision": 0.3333333333333333,
        "recall": 0.2,
        "f1-score": 0.25,
        "support": 5.0
    },
    "\ucf54\ub4dc": {
        "precision": 0.8125,
        "recall": 0.8666666666666667,
        "f1-score": 0.8387096774193549,
        "support": 135.0
    },
    "accuracy": 0.8788927335640139,
    "macro avg": {
        "precision": 0.81104057737333,
        "recall": 0.7706320105146419,
        "f1-score": 0.7868139263746581,
        "support": 867.0
    },
    "weighted avg": {
        "precision": 0.877396487970165,
        "recall": 0.8788927335640139,
        "f1-score": 0.8776029747890751,
        "support": 867.0
    }
}