{
    "\uae08\uc561": {
        "precision": 0.8888888888888888,
        "recall": 0.7272727272727273,
        "f1-score": 0.7999999999999999,
        "support": 11.0
    },
    "\ub0a0\uc9dc": {
        "precision": 0.9572649572649573,
        "recall": 0.9531914893617022,
        "f1-score": 0.9552238805970149,
        "support": 235.0
    },
    "\ubc88\ud638": {
        "precision": 0.8610169491525423,
        "recall": 0.8912280701754386,
        "f1-score": 0.8758620689655173,
        "support": 285.0
    },
    "\uc218\ub7c9": {
        "precision": 0.7407407407407407,
        "recall": 0.6837606837606838,
        "f1-score": 0.7111111111111111,
        "support": 117.0
    },
    "\uc5ec\ubd80": {
        "precision": 0.9746835443037974,
        "recall": 0.9746835443037974,
        "f1-score": 0.9746835443037974,
        "support": 79.0
    },
    "\uc728": {
        "precision": 0.6666666666666666,
        "recall": 0.4,
        "f1-score": 0.5,
        "support": 5.0
    },
    "\ucf54\ub4dc": {
        "precision": 0.8489208633093526,
        "recall": 0.8740740740740741,
        "f1-score": 0.8613138686131386,
        "support": 135.0
    },
    "accuracy": 0.8800461361014994,
    "macro avg": {
        "precision": 0.848311801475278,
        "recall": 0.7863157984212034,
        "f1-score": 0.8111706390843685,
        "support": 867.0
    },
    "weighted avg": {
        "precision": 0.8785803803809457,
        "recall": 0.8800461361014994,
        "f1-score": 0.8787493354766375,
        "support": 867.0
    }
}