{
    "\uae08\uc561": {
        "precision": 1.0,
        "recall": 0.8181818181818182,
        "f1-score": 0.9,
        "support": 11.0
    },
    "\ub0a0\uc9dc": {
        "precision": 0.9578059071729957,
        "recall": 0.9659574468085106,
        "f1-score": 0.9618644067796609,
        "support": 235.0
    },
    "\ubc88\ud638": {
        "precision": 0.8697183098591549,
        "recall": 0.8666666666666667,
        "f1-score": 0.8681898066783831,
        "support": 285.0
    },
    "\uc218\ub7c9": {
        "precision": 0.780952380952381,
        "recall": 0.7008547008547008,
        "f1-score": 0.7387387387387386,
        "support": 117.0
    },
    "\uc5ec\ubd80": {
        "precision": 0.9176470588235294,
        "recall": 0.9873417721518988,
        "f1-score": 0.9512195121951219,
        "support": 79.0
    },
    "\uc728": {
        "precision": 0.5,
        "recall": 0.4,
        "f1-score": 0.4444444444444445,
        "support": 5.0
    },
    "\ucf54\ub4dc": {
        "precision": 0.8251748251748252,
        "recall": 0.8740740740740741,
        "f1-score": 0.8489208633093527,
        "support": 135.0
    },
    "accuracy": 0.8800461361014994,
    "macro avg": {
        "precision": 0.8358997831404124,
        "recall": 0.8018680683910956,
        "f1-score": 0.8161968245922431,
        "support": 867.0
    },
    "weighted avg": {
        "precision": 0.8785677671425628,
        "recall": 0.8800461361014994,
        "f1-score": 0.8786361512818816,
        "support": 867.0
    }
}