{
    "\uae08\uc561": {
        "precision": 0.8888888888888888,
        "recall": 0.7272727272727273,
        "f1-score": 0.7999999999999999,
        "support": 11.0
    },
    "\ub0a0\uc9dc": {
        "precision": 0.9539748953974896,
        "recall": 0.9702127659574468,
        "f1-score": 0.9620253164556961,
        "support": 235.0
    },
    "\ubc88\ud638": {
        "precision": 0.887719298245614,
        "recall": 0.887719298245614,
        "f1-score": 0.887719298245614,
        "support": 285.0
    },
    "\uc218\ub7c9": {
        "precision": 0.7924528301886793,
        "recall": 0.717948717948718,
        "f1-score": 0.7533632286995516,
        "support": 117.0
    },
    "\uc5ec\ubd80": {
        "precision": 0.9390243902439024,
        "recall": 0.9746835443037974,
        "f1-score": 0.9565217391304348,
        "support": 79.0
    },
    "\uc728": {
        "precision": 0.75,
        "recall": 0.6,
        "f1-score": 0.6666666666666665,
        "support": 5.0
    },
    "\ucf54\ub4dc": {
        "precision": 0.8309859154929577,
        "recall": 0.8740740740740741,
        "f1-score": 0.8519855595667871,
        "support": 135.0
    },
    "accuracy": 0.889273356401384,
    "macro avg": {
        "precision": 0.8632923169225045,
        "recall": 0.8217015896860539,
        "f1-score": 0.8397545441092499,
        "support": 867.0
    },
    "weighted avg": {
        "precision": 0.8878833734130114,
        "recall": 0.889273356401384,
        "f1-score": 0.8880461919159056,
        "support": 867.0
    }
}